Date,average_price,supply_volume
2022-01-01,86.67,96650.0
2022-01-02,108.0,142555.0
2022-01-03,115.0,132175.0
2022-01-04,95.0,122675.0
2022-01-05,96.67,118475.0
2022-01-06,86.67,135350.0
2022-01-07,96.67,81375.0
2022-01-08,96.67,119750.0
2022-01-09,76.67,88300.0
2022-01-10,75.0,174700.0
2022-01-11,76.67,125500.0
2022-01-12,76.67,135190.0
2022-01-13,76.67,82150.0
2022-01-14,76.67,95875.0
2022-01-15,76.67,68475.0
2022-01-16,76.67,85550.0
2022-01-17,66.67,69753.0
2022-01-18,66.67,121750.0
2022-01-19,65.83500000000001,99600.0
2022-01-20,66.67,93550.0
2022-01-21,55.835,78800.0
2022-01-22,56.67,71625.0
2022-01-23,55.835,77425.0
2022-01-24,55.835,65375.0
2022-01-25,56.67,92050.0
2022-01-26,55.0,67475.0
2022-01-27,56.67,101050.0
2022-01-28,55.835,116825.0
2022-01-29,55.835,106550.0
2022-01-30,65.83500000000001,116275.0
2022-01-31,65.0,106425.0
2022-02-01,66.67,92550.0
2022-02-02,56.67,93000.0
2022-02-03,56.67,121075.0
2022-02-04,65.0,121046.0
2022-02-05,76.67,101275.0
2022-02-06,76.67,73000.0
2022-02-07,75.0,77875.0
2022-02-08,75.83500000000001,105275.0
2022-02-09,76.67,147600.0
2022-02-10,86.67,147025.0
2022-02-11,76.67,148250.0
2022-02-12,76.67,109125.0
2022-02-13,76.67,135625.0
2022-02-14,65.0,103075.0
2022-02-15,76.67,121330.0
2022-02-16,76.67,173071.0
2022-02-17,76.67,157550.0
2022-02-18,76.67,132275.0
2022-02-19,76.67,150775.0
2022-02-20,76.67,119250.0
2022-02-21,75.0,123155.0
2022-02-22,75.0,136275.0
2022-02-23,65.0,120400.0
2022-02-24,65.0,105050.0
2022-02-25,65.0,167200.0
2022-02-26,65.0,134100.0
2022-02-28,55.0,153975.0
2022-03-01,66.67,139850.0
2022-03-02,66.67,172615.0
2022-03-03,56.67,141200.0
2022-03-04,56.67,121700.0
2022-03-06,65.0,137750.0
2022-03-07,65.0,139400.0
2022-03-08,65.0,144450.0
2022-03-09,55.0,160800.0
2022-03-10,56.67,153075.0
2022-03-11,51.67,151920.0
2022-03-12,51.67,120170.0
2022-03-13,50.835,129700.0
2022-03-14,45.0,124525.0
2022-03-15,55.835,103581.0
2022-03-16,60.5,131225.0
2022-03-17,55.835,158295.0
2022-03-18,60.0,164533.0
2022-03-19,65.0,151985.0
2022-03-20,57.5,124700.0
2022-03-21,60.0,97950.0
2022-03-22,65.0,120875.0
2022-03-23,65.0,158200.0
2022-03-24,70.0,216670.0
2022-03-25,60.0,224590.0
2022-03-26,65.0,231895.0
2022-03-27,65.0,162760.0
2022-03-28,65.0,118125.0
2022-03-29,66.67,139775.0
2022-03-30,55.0,108625.0
2022-03-31,55.0,253675.0
2022-04-01,55.835,153835.0
2022-04-02,55.835,162259.0
2022-04-03,56.67,155375.0
2022-04-04,55.0,172625.0
2022-04-05,55.0,148975.0
2022-04-06,55.0,135925.0
2022-04-07,65.0,157450.0
2022-04-08,65.0,182637.0
2022-04-09,65.0,172540.0
2022-04-10,65.0,140900.0
2022-04-11,75.0,165825.0
2022-04-12,75.0,196175.0
2022-04-13,75.0,137000.0
2022-04-14,55.835,171970.0
2022-04-15,71.67,176350.0
2022-04-16,61.67,145700.0
2022-04-17,61.67,155410.0
2022-04-18,55.0,128525.0
2022-04-19,60.0,124160.0
2022-04-20,66.67,138025.0
2022-04-21,56.67,135225.0
2022-04-22,60.0,138775.0
2022-04-23,56.67,136706.0
2022-04-24,66.67,126625.0
2022-04-25,55.0,134650.0
2022-04-26,75.83500000000001,98500.0
2022-04-27,66.67,97063.0
2022-04-28,59.165,89700.0
2022-04-29,66.67,111500.0
2022-04-30,66.67,118325.0
2022-05-01,66.67,81975.0
2022-05-02,66.67,82075.0
2022-05-03,70.83500000000001,113425.0
2022-05-04,85.83500000000001,120625.0
2022-05-05,76.67,91295.0
2022-05-06,80.83500000000001,80275.0
2022-05-07,81.67,91025.0
2022-05-08,76.67,145350.0
2022-05-09,70.0,115825.0
2022-05-10,85.83500000000001,117750.0
2022-05-11,86.67,62625.0
2022-05-12,65.83500000000001,74050.0
2022-05-13,75.83500000000001,30425.0
2022-05-15,96.67,46500.0
2022-05-16,120.0,114898.0
2022-05-17,95.0,52550.0
2022-05-18,110.0,57175.0
2022-05-19,111.67,85650.0
2022-05-20,115.0,80850.0
2022-05-21,115.0,59950.0
2022-05-22,115.83500000000001,78025.0
2022-05-23,100.0,87900.0
2022-05-24,125.0,83675.0
2022-05-25,112.5,90200.0
2022-05-26,105.0,52650.0
2022-05-27,105.0,52575.0
2022-05-28,105.0,39897.0
2022-05-29,116.67,46600.0
2022-05-30,125.0,77200.0
2022-05-31,125.0,48150.0
2022-06-01,127.5,51975.0
2022-06-02,137.5,63501.0
2022-06-03,125.0,82150.0
2022-06-04,105.0,64275.0
2022-06-05,105.0,76421.0
2022-06-06,95.0,54650.0
2022-06-07,94.0,64600.0
2022-06-08,105.0,96450.0
2022-06-09,75.0,71300.0
2022-06-10,75.0,49200.0
2022-06-11,75.0,47125.0
2022-06-12,75.0,80625.0
2022-06-13,85.0,50748.0
2022-06-14,95.0,64550.0
2022-06-15,85.0,50400.0
2022-06-16,85.0,64600.0
2022-06-17,85.0,56400.0
2022-06-18,86.67,67871.0
2022-06-19,90.0,32000.0
2022-06-20,85.0,67450.0
2022-06-21,102.5,50800.0
2022-06-22,98.33500000000001,53350.0
2022-06-23,96.67,57600.0
2022-06-24,96.67,43600.0
2022-06-25,96.67,22825.0
2022-06-26,95.0,27650.0
2022-06-27,95.0,46600.0
2022-06-28,100.0,26075.0
2022-06-30,115.0,33275.0
2022-07-01,106.67,47175.0
2022-07-02,106.67,30650.0
2022-07-03,106.67,32975.0
2022-07-04,105.0,46511.0
2022-07-05,100.0,57650.0
2022-07-06,85.0,35275.0
2022-07-07,90.83500000000001,35919.0
2022-07-08,85.83500000000001,44300.0
2022-07-09,76.67,54327.0
2022-07-10,70.0,48450.0
2022-07-11,67.5,42875.0
2022-07-12,70.0,31625.0
2022-07-13,65.83500000000001,41550.0
2022-07-14,54.0,47075.0
2022-07-15,55.0,30575.0
2022-07-16,55.0,31875.0
2022-07-17,58.0,36575.0
2022-07-18,60.0,26200.0
2022-07-19,66.67,48850.0
2022-07-20,65.0,46500.0
2022-07-21,66.67,48925.0
2022-07-22,66.67,48296.0
2022-07-23,76.67,44075.0
2022-07-24,65.0,28825.0
2022-07-25,65.0,59925.0
2022-07-26,70.83500000000001,35660.0
2022-07-27,71.67,28725.0
2022-07-28,71.25,39200.0
2022-07-29,75.0,65418.0
2022-07-30,75.0,46600.0
2022-07-31,75.0,55300.0
2022-08-01,75.0,50175.0
2022-08-02,42.5,39225.0
2022-08-03,42.5,39980.0
2022-08-04,42.5,59147.0
2022-08-05,42.5,29855.0
2022-08-06,51.75,56786.0
2022-08-07,55.0,36327.0
2022-08-08,55.0,34240.0
2022-08-09,61.25,48540.0
2022-08-10,62.5,46563.0
2022-08-11,61.25,48157.0
2022-08-12,70.83500000000001,72885.0
2022-08-13,67.25,33165.0
2022-08-14,57.75,41600.0
2022-08-15,57.0,51675.0
2022-08-16,55.0,57525.0
2022-08-17,53.125,36744.0
2022-08-18,57.5,49150.0
2022-08-19,64.375,64900.0
2022-08-20,52.915,24800.0
2022-08-21,57.5,37850.0
2022-08-22,56.335,53270.0
2022-08-23,50.0,33025.0
2022-08-24,48.75,37850.0
2022-08-25,56.25,48825.0
2022-08-26,61.25,50750.0
2022-08-27,63.75,40025.0
2022-08-28,65.0,43900.0
2022-08-29,65.0,65600.0
2022-08-30,68.33,35325.0
2022-08-31,62.915,36225.0
2022-09-01,62.915,45800.0
2022-09-02,55.83,57325.0
2022-09-03,58.33,38850.0
2022-09-04,52.5,42300.0
2022-09-05,55.0,48125.0
2022-09-06,57.5,47925.0
2022-09-07,58.33,45050.0
2022-09-08,55.83,46695.0
2022-09-09,57.5,47975.0
2022-09-10,55.0,50050.0
2022-09-11,55.0,59450.0
2022-09-12,55.0,40125.0
2022-09-13,52.5,37300.0
2022-09-14,52.915,39725.0
2022-09-15,49.585,30180.0
2022-09-16,52.33,35200.0
2022-09-17,65.0,37675.0
2022-09-18,65.0,37675.0
2022-09-19,65.0,41675.0
2022-09-20,65.0,51025.0
2022-09-21,55.415,42175.0
2022-09-22,56.665,50370.0
2022-09-23,57.5,48775.0
2022-09-24,56.3,45650.0
2022-09-25,59.165,41978.0
2022-09-26,60.0,70825.0
2022-09-27,60.0,51025.0
2022-09-28,60.0,67850.0
2022-09-29,56.665,50028.0
2022-09-30,60.0,41050.0
2022-10-01,49.165,41125.0
2022-10-02,57.0,40825.0
2022-10-03,60.0,50625.0
2022-10-04,62.5,37150.0
2022-10-05,61.665,10525.0
2022-10-06,48.75,150.0
2022-10-07,51.25,9750.0
2022-10-08,56.25,50715.0
2022-10-09,52.915,48475.0
2022-10-10,51.335,45450.0
2022-10-11,53.75,38550.0
2022-10-12,53.335,36200.0
2022-10-13,75.83500000000001,33360.0
2022-10-14,85.83500000000001,62975.0
2022-10-15,75.0,37600.0
2022-10-16,82.5,49175.0
2022-10-17,80.0,36505.0
2022-10-18,85.0,53940.0
2022-10-19,85.0,39125.0
2022-10-20,75.83500000000001,48525.0
2022-10-21,74.16499999999999,53525.0
2022-10-22,70.83500000000001,70375.0
2022-10-23,75.83500000000001,53375.0
2022-10-24,75.0,75550.0
2022-10-25,75.83500000000001,46050.0
2022-10-26,75.83500000000001,49675.0
2022-10-27,80.83500000000001,30800.0
2022-10-28,80.0,8575.0
2022-10-29,85.0,32400.0
2022-10-30,80.83500000000001,93375.0
2022-10-31,95.83500000000001,93850.0
2022-11-01,90.83500000000001,51400.0
2022-11-02,90.83500000000001,86350.0
2022-11-03,75.83500000000001,72750.0
2022-11-04,76.67,40900.0
2022-11-05,81.67,65900.0
2022-11-06,75.0,102325.0
2022-11-07,80.0,71600.0
2022-11-08,81.67,90300.0
2022-11-09,75.83500000000001,93250.0
2022-11-10,68.33500000000001,93250.0
2022-11-11,63.335,101325.0
2022-11-12,60.0,89625.0
2022-11-13,60.835,73750.0
2022-11-14,60.0,117575.0
2022-11-15,60.0,76025.0
2022-11-16,60.0,87450.0
2022-11-17,60.0,79975.0
2022-11-18,60.0,90300.0
2022-11-19,60.835,69625.0
2022-11-20,60.0,38650.0
2022-11-22,60.0,71850.0
2022-11-23,60.0,101775.0
2022-11-24,60.0,112675.0
2022-11-25,60.0,75575.0
2022-11-26,60.0,96875.0
2022-11-27,50.0,76050.0
2022-11-28,55.0,78050.0
2022-11-29,45.0,57105.0
2022-11-30,45.0,66850.0
2022-12-01,45.5,101975.0
2022-12-02,55.0,115375.0
2022-12-03,50.835,71555.0
2022-12-04,65.0,70925.0
2022-12-05,65.0,79325.0
2022-12-06,50.0,101025.0
2022-12-07,55.835,94150.0
2022-12-08,45.835,89425.0
2022-12-09,45.0,64575.0
2022-12-10,55.835,64800.0
2022-12-11,55.0,108550.0
2022-12-12,55.0,124620.0
2022-12-13,45.835,99675.0
2022-12-14,50.835,72050.0
2022-12-15,55.0,46725.0
2022-12-16,55.0,109675.0
2022-12-17,55.835,84175.0
2022-12-18,45.0,111550.0
2022-12-19,45.0,81300.0
2022-12-20,35.835,85225.0
2022-12-21,36.67,106450.0
2022-12-22,35.0,85275.0
2022-12-23,35.0,89170.0
2022-12-24,34.5,88525.0
2022-12-25,35.0,69225.0
2022-12-26,35.0,95425.0
2022-12-27,41.67,70880.0
2022-12-28,42.5,108925.0
2022-12-29,45.835,90900.0
2022-12-30,40.835,65600.0
2022-12-31,45.0,82250.0
2023-01-01,45.0,71350.0
2023-01-02,41.67,71250.0
2023-01-03,45.0,90300.0
2023-01-04,50.835,99175.0
2023-01-05,46.67,95325.0
2023-01-06,36.67,144150.0
2023-01-07,45.0,105075.0
2023-01-08,45.0,117050.0
2023-01-09,45.0,151975.0
2023-01-10,45.835,131200.0
2023-01-11,46.67,124925.0
2023-01-12,46.67,120375.0
2023-01-13,46.67,139050.0
2023-01-14,45.0,139575.0
2023-01-15,45.0,139575.0
2023-01-16,45.0,75400.0
2023-01-17,45.835,75175.0
2023-01-18,45.835,112025.0
2023-01-19,56.67,128350.0
2023-01-20,56.67,140650.0
2023-01-21,55.835,158700.0
2023-01-22,55.835,158700.0
2023-01-23,55.835,176150.0
2023-01-24,56.67,166000.0
2023-01-25,56.67,160890.0
2023-01-26,55.0,177775.0
2023-01-27,55.835,79475.0
2023-01-28,56.0,142725.0
2023-01-29,55.0,156875.0
2023-01-30,45.5,175850.0
2023-01-31,45.835,135125.0
2023-02-01,45.835,130750.0
2023-02-02,45.835,139900.0
2023-02-03,46.67,111650.0
2023-02-04,45.5,112075.0
2023-02-05,45.0,115325.0
2023-02-06,46.67,83725.0
2023-02-07,46.67,104525.0
2023-02-08,45.0,96500.0
2023-02-09,45.835,103700.0
2023-02-10,46.67,117075.0
2023-02-11,45.835,106950.0
2023-02-12,45.0,107945.0
2023-02-13,56.67,117125.0
2023-02-14,55.0,111925.0
2023-02-15,56.67,119590.0
2023-02-16,56.67,130525.0
2023-02-17,45.0,88150.0
2023-02-18,41.0,107070.0
2023-02-19,37.67,85500.0
2023-02-20,43.5,94775.0
2023-02-21,38.33,107475.0
2023-02-22,55.835,93875.0
2023-02-23,55.835,135100.0
2023-02-24,55.835,149075.0
2023-02-25,55.835,145000.0
2023-02-26,55.0,154950.0
2023-02-27,55.0,126675.0
2023-02-28,56.67,121875.0
2023-03-01,55.0,116400.0
2023-03-02,55.0,117700.0
2023-03-03,45.0,131035.0
2023-03-05,45.0,10250.0
2023-03-06,46.67,174775.0
2023-03-07,56.67,123100.0
2023-03-08,56.67,110325.0
2023-03-09,65.0,54125.0
2023-03-10,65.83500000000001,95150.0
2023-03-11,66.67,133525.0
2023-03-12,65.0,0.0
2023-03-13,66.67,97400.0
2023-03-14,41.67,142425.0
2023-03-15,50.835,107125.0
2023-03-16,50.835,116850.0
2023-03-17,50.835,146550.0
2023-03-18,51.67,164800.0
2023-03-19,50.0,116975.0
2023-03-20,56.67,148775.0
2023-03-21,56.67,128275.0
2023-03-22,56.67,110370.0
2023-03-23,56.67,202775.0
2023-03-24,50.835,192350.0
2023-03-25,51.67,151625.0
2023-03-26,45.0,139725.0
2023-03-27,45.0,183200.0
2023-03-28,45.0,166475.0
2023-03-29,55.0,181575.0
2023-03-30,45.0,141275.0
2023-03-31,45.0,206075.0
2023-04-01,45.0,180750.0
2023-04-02,55.0,181050.0
2023-04-03,65.0,157750.0
2023-04-04,65.0,168833.0
2023-04-05,65.0,127775.0
2023-04-06,65.0,135350.0
2023-04-07,65.0,104825.0
2023-04-08,55.0,127825.0
2023-04-09,55.0,122005.0
2023-04-10,55.0,126125.0
2023-04-11,55.0,132550.0
2023-04-12,55.0,114600.0
2023-04-13,55.0,159750.0
2023-04-14,55.0,115005.0
2023-04-15,55.0,161325.0
2023-04-16,55.0,89470.0
2023-04-17,45.0,93600.0
2023-04-18,55.0,142235.0
2023-04-19,55.0,104200.0
2023-04-20,55.0,103565.0
2023-04-21,55.0,110540.0
2023-04-22,55.0,94050.0
2023-04-23,55.0,132930.0
2023-04-24,55.0,112875.0
2023-04-25,55.0,119755.0
2023-04-26,55.0,93025.0
2023-04-27,55.0,169250.0
2023-04-28,55.0,116320.0
2023-04-29,55.0,108975.0
2023-04-30,55.0,98210.0
2023-05-01,45.0,97725.0
2023-05-02,55.0,86150.0
2023-05-03,55.835,86947.0
2023-05-04,55.835,117350.0
2023-05-05,55.0,125820.0
2023-05-06,55.0,89805.0
2023-05-07,55.0,136547.0
2023-05-08,55.0,103250.0
2023-05-09,55.835,114340.0
2023-05-10,56.67,73950.0
2023-05-11,60.0,135590.0
2023-05-12,60.0,74850.0
2023-05-13,60.835,110152.0
2023-05-14,55.0,146350.0
2023-05-15,60.0,124035.0
2023-05-16,60.0,132570.0
2023-05-17,60.0,83000.0
2023-05-18,60.0,66550.0
2023-05-19,60.835,64925.0
2023-05-20,60.835,101900.0
2023-05-21,55.0,104450.0
2023-05-22,55.835,80900.0
2023-05-23,50.0,76400.0
2023-05-24,50.835,120000.0
2023-05-25,50.835,65675.0
2023-05-26,50.0,74500.0
2023-05-27,50.0,92300.0
2023-05-28,45.0,87275.0
2023-05-29,50.0,57950.0
2023-05-30,55.0,80800.0
2023-05-31,39.585,49050.0
2023-06-01,37.085,57480.0
2023-06-02,36.25,67200.0
2023-06-03,31.25,61700.0
2023-06-04,31.335,57800.0
2023-06-05,32.085,63400.0
2023-06-06,35.835,111025.0
2023-06-07,34.585,73850.0
2023-06-08,46.67,88425.0
2023-06-09,66.67,96813.0
2023-06-10,56.67,79400.0
2023-06-11,55.0,106125.0
2023-06-12,55.0,86400.0
2023-06-13,40.0,78675.0
2023-06-14,40.0,58825.0
2023-06-15,46.67,76425.0
2023-06-16,45.835,54800.0
2023-06-17,53.75,80825.0
2023-06-18,45.0,95550.0
2023-06-19,39.3,49256.0
2023-06-20,40.0,84700.0
2023-06-21,39.5,85625.0
2023-06-22,40.0,71976.0
2023-06-23,50.0,77930.0
2023-06-24,45.0,71575.0
2023-06-25,45.0,74975.0
2023-06-26,45.0,61455.0
2023-06-27,45.0,79150.0
2023-06-28,50.0,70050.0
2023-06-29,65.0,68800.0
2023-06-30,55.0,69825.0
2023-07-01,55.0,58275.0
2023-07-02,55.0,77700.0
2023-07-03,65.0,68460.0
2023-07-04,75.0,80750.0
2023-07-05,84.0,57225.0
2023-07-06,85.0,55175.0
2023-07-07,95.0,64880.0
2023-07-08,95.0,88600.0
2023-07-09,95.0,73850.0
2023-07-10,95.0,85075.0
2023-07-11,95.0,75700.0
2023-07-12,85.0,85175.0
2023-07-13,95.0,70396.0
2023-07-14,75.0,71850.0
2023-07-15,75.0,53800.0
2023-07-16,75.0,53100.0
2023-07-17,85.0,55875.0
2023-07-18,86.0,40350.0
2023-07-19,85.0,65000.0
2023-07-20,85.0,56900.0
2023-07-21,85.0,28100.0
2023-07-22,86.67,53725.0
2023-07-23,85.0,48625.0
2023-07-24,96.67,64700.0
2023-07-25,110.0,60725.0
2023-07-26,100.0,58545.0
2023-07-27,93.33,59375.0
2023-07-28,106.67,62072.0
2023-07-29,106.0,46400.0
2023-07-30,105.0,42950.0
2023-07-31,130.0,52170.0
2023-08-01,130.0,42800.0
2023-08-02,146.0,46275.0
2023-08-03,170.0,37675.0
2023-08-04,170.0,38075.0
2023-08-05,170.0,34605.0
2023-08-06,168.33,42855.0
2023-08-07,160.0,33150.0
2023-08-08,170.0,33120.0
2023-08-09,170.0,37455.0
2023-08-10,170.0,33341.0
2023-08-11,150.0,23925.0
2023-08-12,140.0,34125.0
2023-08-13,140.0,19850.0
2023-08-14,170.0,34325.0
2023-08-15,150.0,34775.0
2023-08-16,145.0,28750.0
2023-08-17,137.5,31588.0
2023-08-18,142.5,31981.0
2023-08-19,147.5,29510.0
2023-08-20,150.0,26331.0
2023-08-21,140.0,42375.0
2023-08-22,135.0,34250.0
2023-08-23,125.0,37975.0
2023-08-24,125.0,38050.0
2023-08-25,95.0,36610.0
2023-08-26,95.0,0.0
2023-08-27,85.0,20375.0
2023-08-28,80.0,26125.0
2023-08-29,75.0,28750.0
2023-08-30,75.0,30500.0
2023-08-31,95.0,22000.0
2023-09-01,100.83500000000001,32625.0
2023-09-02,95.0,48675.0
2023-09-03,77.5,63650.0
2023-09-04,70.0,31540.0
2023-09-05,60.0,58650.0
2023-09-06,55.0,41193.0
2023-09-07,60.0,30325.0
2023-09-08,45.0,36759.0
2023-09-09,45.0,47419.0
2023-09-10,45.0,38125.0
2023-09-11,45.0,28675.0
2023-09-12,50.0,0.0
2023-09-13,53.75,33915.0
2023-09-14,55.0,27575.0
2023-09-15,46.0,20625.0
2023-09-16,55.0,43875.0
2023-09-17,55.0,44425.0
2023-09-18,57.875,39555.0
2023-09-19,60.0,38975.0
2023-09-20,47.5,64775.0
2023-09-21,47.5,54725.0
2023-09-22,40.0,81540.0
2023-09-23,39.0,40625.0
2023-09-24,40.0,40850.0
2023-09-25,32.5,54925.0
2023-09-26,40.0,41454.0
2023-09-27,40.0,24825.0
2023-09-28,45.0,25336.0
2023-09-29,43.75,58025.0
2023-09-30,44.0,64680.0
2023-10-01,45.0,30900.0
2023-10-02,45.0,84975.0
2023-10-03,43.2,69075.0
2023-10-04,45.0,32125.0
2023-10-05,40.0,43450.0
2023-10-06,42.0,57775.0
2023-10-07,42.5,34675.0
2023-10-08,42.33,50744.0
2023-10-09,37.5,80025.0
2023-10-10,35.0,48950.0
2023-10-11,37.5,47350.0
2023-10-12,32.5,44775.0
2023-10-13,32.5,40800.0
2023-10-14,33.33,94280.0
2023-10-15,37.67,79928.0
2023-10-16,34.0,35000.0
2023-10-17,38.3,36000.0
2023-10-18,40.5,66775.0
2023-10-19,40.0,25130.0
2023-10-20,39.335,47075.0
2023-10-21,38.0,40675.0
2023-10-22,60.0,55850.0
2023-10-23,60.625,43625.0
2023-10-24,62.5,12850.0
2023-10-25,50.75,9525.0
2023-10-26,45.0,37829.0
2023-10-27,44.0,39660.0
2023-10-28,45.0,43775.0
2023-10-29,45.0,27832.0
2023-10-30,48.0,49300.0
2023-10-31,45.0,17927.0
2023-11-01,55.0,52175.0
2023-11-02,57.125,64130.0
2023-11-03,59.375,61225.0
2023-11-04,55.0,46925.0
2023-11-05,57.0,56225.0
2023-11-06,55.0,49200.0
2023-11-07,55.0,59225.0
2023-11-08,57.5,78286.0
2023-11-09,60.0,0.0
2023-11-10,55.0,65893.0
2023-11-11,45.0,50050.0
2023-11-12,55.0,57950.0
2023-11-13,55.0,82225.0
2023-11-14,65.0,47500.0
2023-11-15,65.0,19975.0
2023-11-16,65.0,16175.0
2023-11-17,66.67,52750.0
2023-11-18,65.0,69450.0
2023-11-19,66.67,80815.0
2023-11-20,80.83500000000001,46075.0
2023-11-21,96.67,61375.0
2023-11-22,96.67,68375.0
2023-11-23,90.0,70146.0
2023-11-24,90.0,69050.0
2023-11-25,89.16499999999999,68425.0
2023-11-26,90.0,81120.0
2023-11-27,94.16499999999999,93760.0
2023-11-28,95.0,77458.0
2023-11-29,95.0,78125.0
2023-11-30,100.0,55632.0
2023-12-01,100.0,80949.0
2023-12-02,85.83500000000001,70966.0
2023-12-03,85.0,87100.0
2023-12-04,85.0,75553.0
2023-12-05,70.83500000000001,89352.0
2023-12-06,66.67,76937.0
2023-12-07,75.0,69525.0
2023-12-08,80.0,65200.0
2023-12-09,80.83500000000001,36625.0
2023-12-10,80.0,66468.0
2023-12-11,75.0,92460.0
2023-12-12,70.0,75689.0
2023-12-13,74.16499999999999,76023.0
2023-12-14,50.0,65918.0
2023-12-15,53.33,81158.0
2023-12-16,55.0,59130.0
2023-12-17,70.0,82500.0
2023-12-18,65.0,77209.0
2023-12-19,65.0,85385.0
2023-12-20,65.0,61425.0
2023-12-21,65.0,65258.0
2023-12-22,55.0,62475.0
2023-12-23,65.83500000000001,54212.0
2023-12-24,65.0,60943.0
2023-12-25,65.0,69950.0
2023-12-26,70.83500000000001,72025.0
2023-12-27,65.83500000000001,60982.0
2023-12-28,60.0,55905.0
2023-12-29,60.0,81725.0
2023-12-30,60.0,75000.0
2023-12-31,60.0,76650.0
2024-01-01,60.0,84095.0
2024-01-02,50.0,69950.0
2024-01-03,65.0,80168.0
2024-01-04,55.0,61175.0
2024-01-05,55.0,73795.0
2024-01-06,55.0,77900.0
2024-01-07,55.0,54025.0
2024-01-08,45.0,65150.0
2024-01-09,50.0,54400.0
2024-01-10,50.0,67446.0
2024-01-11,50.0,72668.0
2024-01-12,50.0,68300.0
2024-01-13,50.0,52626.0
2024-01-14,50.0,60100.0
2024-01-15,50.0,73035.0
2024-01-16,52.5,71875.0
2024-01-17,50.0,33400.0
2024-01-18,50.0,52550.0
2024-01-19,55.0,67902.0
2024-01-20,55.0,64878.0
2024-01-21,55.0,93725.0
2024-01-22,55.0,69000.0
2024-01-23,55.0,66500.0
2024-01-24,55.0,44525.0
2024-01-25,60.0,63750.0
2024-01-26,60.0,64050.0
2024-01-27,60.0,66725.0
2024-01-28,65.0,71659.0
2024-01-29,70.0,79825.0
2024-01-30,70.0,51475.0
2024-01-31,70.0,72176.0
2024-02-01,60.0,68575.0
2024-02-02,70.0,68225.0
2024-02-03,70.0,82225.0
2024-02-04,70.0,62983.0
2024-02-05,70.0,78652.0
2024-02-06,70.0,81725.0
2024-02-08,85.0,62600.0
2024-02-09,75.0,76500.0
2024-02-10,80.0,87440.0
2024-02-11,75.0,109550.0
2024-02-12,75.0,101775.0
2024-02-13,80.0,85000.0
2024-02-14,70.0,80700.0
2024-02-15,70.0,58400.0
2024-02-16,70.0,61440.0
2024-02-17,60.835,57975.0
2024-02-18,60.0,92175.0
2024-02-19,60.0,73925.0
2024-02-20,65.0,51200.0
2024-02-21,60.0,91950.0
2024-02-22,60.0,63335.0
2024-02-23,60.0,56125.0
2024-02-24,60.0,61008.0
2024-02-25,60.0,68050.0
2024-02-26,60.0,54500.0
2024-02-27,60.0,72325.0
2024-02-28,60.0,71540.0
2024-02-29,60.0,62250.0
2024-03-01,60.0,72575.0
2024-03-02,60.0,55011.0
2024-03-04,60.0,16500.0
2024-03-05,60.0,70408.0
2024-03-06,60.0,82750.0
2024-03-07,70.0,79245.0
2024-03-08,70.0,84800.0
2024-03-09,65.0,64925.0
2024-03-10,65.0,63600.0
2024-03-11,65.0,58500.0
2024-03-12,60.0,69825.0
2024-03-13,55.0,75875.0
2024-03-14,70.0,62775.0
2024-03-15,60.0,79990.0
2024-03-16,60.0,63255.0
2024-03-17,60.0,83950.0
2024-03-18,60.0,71425.0
2024-03-19,60.0,77020.0
2024-03-20,60.0,75875.0
2024-03-21,75.0,55485.0
2024-03-22,75.0,75275.0
2024-03-23,86.67,103825.0
2024-03-24,75.0,75700.0
2024-03-25,76.67,143100.0
2024-03-26,70.0,97900.0
2024-03-27,65.0,81525.0
2024-03-28,75.0,81500.0
2024-03-29,75.0,82599.0
2024-03-30,75.83500000000001,78025.0
2024-03-31,75.0,96980.0
2024-04-01,75.0,128450.0
2024-04-02,65.0,110935.0
2024-04-03,75.0,132200.0
2024-04-04,65.0,137675.0
2024-04-05,65.0,115928.0
2024-04-06,76.67,111505.0
2024-04-07,73.75,122924.0
2024-04-08,75.0,171375.0
2024-04-09,75.0,120350.0
2024-04-10,66.67,96950.0
2024-04-11,65.0,99006.0
2024-04-12,70.0,113720.0
2024-04-13,75.0,92315.0
2024-04-14,75.0,125225.0
2024-04-15,65.0,66873.0
2024-04-16,65.0,125052.0
2024-04-17,65.0,123360.0
2024-04-18,65.0,131050.0
2024-04-19,65.0,94250.0
2024-04-20,65.0,92075.0
2024-04-21,65.0,150036.0
2024-04-22,60.0,109600.0
2024-04-23,65.0,107075.0
2024-04-24,65.0,78575.0
2024-04-25,76.67,103606.0
2024-04-26,76.67,105091.0
2024-04-27,65.0,95510.0
2024-04-28,55.0,95225.0
2024-04-29,55.0,126550.0
2024-04-30,55.0,123775.0
2024-05-01,55.0,85750.0
2024-05-02,65.0,65951.0
2024-05-03,50.0,110100.0
2024-05-04,51.25,121295.0
2024-05-05,55.0,77150.0
2024-05-06,50.0,105138.0
2024-05-07,65.0,85300.0
2024-05-08,52.5,94125.0
2024-05-09,45.0,59080.0
2024-05-10,55.0,76875.0
2024-05-11,76.67,110860.0
2024-05-12,75.0,122325.0
2024-05-13,65.0,67485.0
2024-05-14,52.5,50625.0
2024-05-15,51.665,82118.0
2024-05-16,50.0,76925.0
2024-05-17,75.0,77025.0
2024-05-18,65.0,72079.0
2024-05-19,71.67,65625.0
2024-05-20,65.0,113425.0
2024-05-21,55.835,85925.0
2024-05-22,65.0,79302.0
2024-05-23,55.0,99000.0
2024-05-24,45.0,75402.0
2024-05-25,56.67,62575.0
2024-05-26,55.0,80295.0
2024-05-27,55.0,47296.0
2024-05-28,50.835,69350.0
2024-05-29,55.0,37286.0
2024-05-30,55.0,68060.0
2024-05-31,65.0,68090.0
2024-06-01,65.0,53547.0
2024-06-02,75.0,70430.0
2024-06-03,55.0,56410.0
2024-06-04,55.0,79220.0
2024-06-05,57.5,54400.0
2024-06-06,65.0,64603.0
2024-06-07,55.0,65483.0
2024-06-08,55.0,71877.0
2024-06-09,56.665,63000.0
2024-06-10,55.0,71225.0
2024-06-11,55.0,62461.0
2024-06-12,54.165,50525.0
2024-06-13,60.0,46232.0
2024-06-14,54.165,64736.0
2024-06-15,55.0,54825.0
2024-06-16,65.0,63850.0
2024-06-17,49.835,60800.0
2024-06-18,60.0,66200.0
2024-06-19,55.0,50975.0
2024-06-20,55.0,48825.0
2024-06-21,56.67,54275.0
2024-06-22,65.0,51275.0
2024-06-23,65.0,48550.0
2024-06-24,65.0,46625.0
2024-06-25,65.0,49025.0
2024-06-26,66.67,62160.0
2024-06-27,75.0,41825.0
2024-06-28,66.67,0.0
2024-06-29,65.0,53725.0
2024-06-30,75.0,62525.0
2024-07-01,66.67,41250.0
2024-07-02,65.0,44525.0
2024-07-03,66.67,39050.0
2024-07-04,75.0,38905.0
2024-07-05,76.67,29906.0
2024-07-06,76.67,22775.0
2024-07-07,105.0,23300.0
2024-07-08,110.0,19680.0
2024-07-09,85.0,33546.0
2024-07-10,110.0,34375.0
2024-07-11,115.0,37760.0
2024-07-12,110.0,35730.0
2024-07-13,118.33500000000001,35875.0
2024-07-14,115.0,38175.0
2024-07-15,120.0,41850.0
2024-07-16,115.0,59810.0
2024-07-17,125.0,44551.0
2024-07-18,110.0,51325.0
2024-07-19,116.67,46600.0
2024-07-20,90.0,75375.0
2024-07-21,95.0,54425.0
2024-07-22,66.0,0.0
2024-07-23,70.0,46875.0
2024-07-24,70.0,43825.0
2024-07-25,75.0,35075.0
2024-07-26,70.0,38475.0
2024-07-27,65.0,41297.0
2024-07-28,75.0,38925.0
2024-07-29,75.0,28850.0
2024-07-30,75.0,38350.0
2024-07-31,76.67,43916.0
2024-08-01,75.0,49600.0
2024-08-02,76.67,47225.0
2024-08-03,73.33,57750.0
2024-08-04,75.0,41825.0
2024-08-05,66.67,39422.0
2024-08-06,65.0,29200.0
2024-08-07,66.67,28097.0
2024-08-08,65.0,36967.0
2024-08-09,76.67,27425.0
2024-08-10,76.67,33525.0
2024-08-11,75.0,23125.0
2024-08-12,96.67,15400.0
2024-08-13,95.0,26560.0
2024-08-14,86.67,36525.0
2024-08-15,95.0,43248.0
2024-08-16,86.67,32179.0
2024-08-17,81.67,34611.0
2024-08-18,85.0,52776.0
2024-08-19,96.67,52350.0
2024-08-20,95.0,34545.0
2024-08-21,81.67,39616.0
2024-08-22,80.0,38208.0
2024-08-23,96.67,38309.0
2024-08-24,77.5,47061.0
2024-08-25,80.0,38680.0
2024-08-26,84.58500000000001,37179.0
2024-08-27,80.0,47746.0
2024-08-28,73.33500000000001,41225.0
2024-08-29,75.0,38064.0
2024-08-30,60.0,51938.0
2024-08-31,59.875,44371.0
2024-09-01,60.0,38000.0
2024-09-02,55.0,45840.0
2024-09-03,60.0,42513.0
2024-09-04,60.0,51928.0
2024-09-05,60.0,40653.0
2024-09-06,55.0,36495.0
2024-09-07,60.0,25650.0
2024-09-08,55.0,44199.0
2024-09-09,60.0,45265.0
2024-09-10,65.0,37165.0
2024-09-11,65.0,54275.0
2024-09-12,55.0,46915.0
2024-09-13,65.0,48555.0
2024-09-14,65.0,79225.0
2024-09-15,65.0,29250.0
2024-09-16,75.0,44275.0
2024-09-17,75.0,55934.0
2024-09-18,65.0,36625.0
2024-09-19,65.0,50590.0
2024-09-20,75.0,28725.0
2024-09-21,85.0,21550.0
2024-09-22,85.0,28025.0
2024-09-23,85.0,26900.0
2024-09-24,85.0,39200.0
2024-09-25,95.0,27730.0
2024-09-26,95.0,30575.0
2024-09-27,105.0,37419.0
2024-09-28,105.0,15340.0
2024-09-29,110.0,14625.0
2024-09-30,110.0,35135.0
2024-10-01,135.0,31805.0
2024-10-02,120.0,33500.0
2024-10-03,120.0,28994.0
2024-10-04,145.0,28733.0
2024-10-05,150.0,33100.0
2024-10-06,140.0,36350.0
2024-10-07,140.0,34065.0
2024-10-08,145.0,36825.0
2024-10-09,135.0,32737.0
2024-10-10,145.0,22767.0
2024-10-11,141.25,23813.0
2024-10-12,145.0,29385.0
2024-10-13,145.0,4250.0
2024-10-14,145.0,30795.0
2024-10-15,145.0,33321.0
2024-10-16,145.0,14663.0
2024-10-17,135.0,35050.0
2024-10-18,135.0,18900.0
2024-10-19,135.0,23475.0
2024-10-20,135.0,42000.0
2024-10-21,140.0,26650.0
2024-10-22,145.0,17940.0
2024-10-23,145.0,32435.0
2024-10-24,125.0,45000.0
2024-10-25,125.0,34536.0
2024-10-26,125.0,58364.0
2024-10-27,115.0,60100.0
2024-10-28,110.0,61650.0
2024-10-29,105.0,79325.0
2024-10-30,110.0,64425.0
2024-10-31,95.0,49383.0
2024-11-01,95.0,58870.0
2024-11-02,90.0,24775.0
2024-11-03,85.0,27575.0
2024-11-04,85.0,14000.0
2024-11-05,85.0,19875.0
2024-11-06,85.0,59875.0
2024-11-07,95.0,63462.0
2024-11-08,85.0,41400.0
2024-11-09,95.0,13470.0
2024-11-10,98.75,35250.0
2024-11-11,95.0,52700.0
2024-11-12,95.0,52864.0
2024-11-13,95.0,61320.0
2024-11-14,95.0,59179.0
2024-11-15,95.0,91320.0
2024-11-16,95.0,101625.0
2024-11-17,95.0,79900.0
2024-11-18,95.0,72093.0
2024-11-19,95.0,53632.0
2024-11-20,95.0,56430.0
2024-11-21,95.0,71958.0
2024-11-22,95.0,72980.0
2024-11-23,95.0,63820.0
2024-11-24,95.0,61340.0
2024-11-25,95.0,33903.0
2024-11-26,95.0,88109.0
2024-11-27,95.0,46930.0
2024-11-28,95.0,62655.0
2024-11-29,95.0,58350.0
2024-11-30,95.0,63045.0
2024-12-01,90.0,60965.0
2024-12-02,95.0,54875.0
2024-12-03,95.0,53325.0
2024-12-04,95.0,81375.0
2024-12-05,95.0,74580.0
2024-12-06,95.0,66220.0
2024-12-07,95.0,84074.0
2024-12-08,95.0,87550.0
2024-12-09,95.0,114450.0
2024-12-10,95.0,94255.0
2024-12-11,95.0,115140.0
2024-12-12,95.0,97585.0
2024-12-13,95.0,100376.0
2024-12-14,95.0,87020.0
2024-12-15,95.0,73612.0
2024-12-16,95.0,55675.0
2024-12-17,95.0,80379.0
2024-12-18,95.0,73275.0
2024-12-19,95.0,71210.0
2024-12-20,95.0,78583.0
2024-12-21,95.0,72662.0
2024-12-22,95.0,64600.0
2024-12-23,95.0,99531.0
2024-12-24,85.0,82525.0
2024-12-25,85.0,102350.0
2024-12-26,85.0,89350.0
2024-12-27,85.0,96375.0
2024-12-28,85.0,129205.0
2024-12-29,85.0,130101.0
2024-12-30,85.0,101990.0
2024-12-31,85.0,81947.0
2025-01-01,85.0,89844.0
2025-01-02,85.0,42425.0
2025-01-03,85.0,71375.0
2025-01-04,85.0,98575.0
2025-01-05,85.0,105574.0
2025-01-06,75.0,113528.0
2025-01-07,75.0,85400.0
2025-01-08,65.0,74123.0
2025-01-09,75.0,117045.0
2025-01-10,65.0,68750.0
2025-01-11,75.0,85726.0
2025-01-12,65.0,84775.0
2025-01-13,65.0,101650.0
2025-01-14,65.0,70725.0
2025-01-15,65.0,36750.0
2025-01-16,65.0,66825.0
2025-01-17,65.0,69825.0
2025-01-18,65.0,74850.0
2025-01-19,65.0,89290.0
2025-01-20,65.0,92053.0
2025-01-21,65.0,103050.0
2025-01-22,65.0,75575.0
2025-01-23,65.0,77675.0
2025-01-24,65.0,66475.0
2025-01-25,65.0,78925.0
2025-01-26,65.0,79650.0
2025-01-27,65.0,86175.0
2025-01-28,65.0,90162.0
2025-01-29,65.0,94675.0
2025-01-30,65.0,63250.0
2025-01-31,65.0,76750.0
2025-02-01,65.0,72975.0
2025-02-02,65.0,73461.0
2025-02-03,65.0,90275.0
2025-02-04,65.0,87587.0
2025-02-05,65.0,74175.0
2025-02-06,55.0,103850.0
2025-02-07,55.0,79281.0
2025-02-08,55.0,56000.0
2025-02-09,55.0,92950.0
2025-02-10,55.0,86800.0
2025-02-11,55.0,85550.0
2025-02-12,55.0,100474.0
2025-02-13,55.0,101775.0
2025-02-14,55.0,77451.0
2025-02-15,55.0,98375.0
2025-02-16,55.0,95775.0
2025-02-17,55.0,88075.0
2025-02-18,55.0,94375.0
2025-02-19,55.0,82800.0
2025-02-20,55.0,58105.0
2025-02-21,55.0,80350.0
2025-02-22,45.0,98075.0
2025-02-23,45.0,105700.0
2025-02-24,45.0,74208.0
2025-02-25,45.0,70225.0
2025-02-26,50.0,78706.0
2025-02-27,50.0,92675.0
2025-02-28,50.0,86635.0
2025-03-01,50.0,93925.0
2025-03-02,50.0,76125.0
2025-03-03,50.0,68625.0
2025-03-05,45.0,24950.0
2025-03-06,33.665,126650.0
2025-03-07,33.665,116125.0
2025-03-08,33.665,100450.0
2025-03-09,33.665,93875.0
2025-03-10,33.665,89725.0
2025-03-11,33.665,94425.0
2025-03-12,33.665,100920.0
2025-03-13,33.665,82925.0
2025-03-14,33.665,108088.0
2025-03-15,33.665,72850.0
2025-03-16,33.665,66633.0
2025-03-17,33.665,71900.0
2025-03-18,33.665,117800.0
2025-03-19,31.335,99855.0
2025-03-20,31.665,110875.0
2025-03-21,31.665,91325.0
2025-03-22,33.665,89625.0
2025-03-23,33.665,90825.0
2025-03-24,40.0,121575.0
2025-03-25,40.0,123800.0
2025-03-26,40.0,108150.0
2025-03-27,40.0,116500.0
2025-03-28,40.0,94225.0
2025-03-29,40.0,101325.0
2025-03-30,40.0,72700.0
2025-03-31,40.0,110750.0
2025-04-01,45.0,73250.0
2025-04-02,40.0,122325.0
2025-04-03,40.0,102700.0
2025-04-04,40.0,101625.0
2025-04-05,40.0,128225.0
2025-04-06,40.0,113475.0
2025-04-07,40.0,116750.0
2025-04-08,40.0,93625.0
2025-04-09,40.0,113820.0
2025-04-10,40.0,117850.0
2025-04-11,40.0,109935.0
2025-04-12,40.0,84050.0
2025-04-13,40.0,140205.0
2025-04-14,40.0,122550.0
2025-04-15,40.0,126250.0
2025-04-16,40.0,77600.0
2025-04-17,40.0,109875.0
2025-04-18,40.0,111750.0
2025-04-19,40.0,151025.0
2025-04-20,45.0,140512.0
2025-04-21,45.0,79925.0
2025-04-22,45.0,122565.0
2025-04-23,45.0,96075.0
2025-04-24,45.0,114125.0
2025-04-25,45.0,98010.0
2025-04-26,45.0,105640.0
2025-04-27,45.0,88525.0
2025-04-28,55.0,95950.0
2025-04-29,45.0,100200.0
2025-04-30,45.0,113325.0
2025-05-01,45.0,111600.0
2025-05-02,45.0,104260.0
2025-05-03,45.0,125300.0
2025-05-04,45.0,74150.0
2025-05-05,65.0,75500.0
2025-05-06,65.0,90825.0
2025-05-07,65.0,81285.0
2025-05-08,65.0,94550.0
2025-05-09,65.0,97800.0
2025-05-10,65.0,99950.0
2025-05-11,65.0,80700.0
2025-05-12,65.0,59000.0
2025-05-13,65.0,73975.0
2025-05-14,65.0,100151.0
2025-05-15,65.0,80525.0
2025-05-16,65.0,83375.0
2025-05-17,65.0,66537.0
2025-05-18,65.0,71745.0
2025-05-19,55.0,44545.0
2025-05-20,55.0,80200.0
2025-05-21,46.335,82838.0
2025-05-22,46.335,50050.0
2025-05-23,37.67,33075.0
2025-05-24,37.5,54625.0
2025-05-25,46.335,45900.0
2025-05-26,42.5,62000.0
2025-05-27,45.0,68575.0
2025-05-28,45.0,47375.0
2025-05-29,50.0,39300.0
2025-05-30,50.0,56650.0
2025-05-31,50.0,42021.0
2025-06-01,52.5,61350.0
2025-06-02,55.0,78750.0
2025-06-03,62.5,71788.0
2025-06-04,62.5,46175.0
2025-06-05,65.0,46825.0
2025-06-06,72.75,43225.0
2025-06-07,72.5,38135.0
2025-06-08,75.2,33325.0
2025-06-09,80.125,33050.0
2025-06-10,90.25,36298.0
2025-06-11,104.25,48100.0
2025-06-12,96.30000000000001,61675.0
2025-06-13,73.69999999999999,57925.0
2025-06-14,71.6,49125.0
2025-06-15,79.625,51901.0
2025-06-16,82.2,50325.0
2025-06-17,83.0,43200.0
2025-06-18,79.4,34476.0
2025-06-19,76.7,51825.0
2025-06-20,77.5,39600.0
2025-06-21,76.25,46225.0
2025-06-22,75.69999999999999,41131.0
2025-06-23,75.0,44400.0
2025-06-24,73.0,39025.0
2025-06-25,71.5,48300.0
2025-06-26,64.0,40950.0
2025-06-27,69.0,41025.0
2025-06-28,65.0,39200.0
2025-06-29,66.0,39137.0
2025-06-30,65.8,44950.0
2025-07-01,63.2,44750.0
2025-07-02,70.0,50750.0
2025-07-03,70.0,26025.0
2025-07-04,68.33,53250.0
2025-07-05,65.0,29500.0
2025-07-06,65.0,37400.0
2025-07-07,69.0,32050.0
2025-07-08,69.0,49025.0
2025-07-09,68.0,42608.0
2025-07-10,65.0,42900.0
2025-07-11,70.0,27800.0
2025-07-12,65.0,44100.0
2025-07-13,65.0,46680.0
2025-07-14,65.0,44075.0
2025-07-15,65.0,45965.0
2025-07-16,65.0,52450.0
2025-07-17,65.0,37550.0
2025-07-18,65.0,44325.0
2025-07-19,65.0,31875.0
2025-07-20,65.0,39250.0
2025-07-21,60.0,32625.0
2025-07-22,60.0,42075.0
2025-07-23,58.5,29275.0
2025-07-24,55.0,46260.0
2025-07-25,55.0,29935.0
2025-07-26,55.0,40503.0
2025-07-27,55.0,28875.0
2025-07-28,55.0,45200.0
2025-07-29,55.6,24850.0
2025-07-30,55.0,39925.0
2025-07-31,55.4,30425.0
2025-08-01,55.75,30550.0
2025-08-02,55.0,32890.0
2025-08-03,55.6,39900.0
2025-08-04,55.725,30900.0
2025-08-05,55.0,40350.0
2025-08-06,56.0,45450.0
2025-08-07,55.0,28450.0
2025-08-08,55.0,36400.0
2025-08-09,59.625,43911.0
2025-08-10,55.0,16500.0
2025-08-11,65.0,38050.0
2025-08-12,64.0,42925.0
2025-08-13,63.6,39323.0
2025-08-14,65.6,33291.0
2025-08-15,65.0,33775.0
2025-08-16,65.0,29075.0
2025-08-17,65.0,30070.0
2025-08-18,74.4,34975.0
2025-08-19,75.6,33650.0
2025-08-20,84.0,39875.0
2025-08-21,85.0,50619.0
2025-08-22,85.0,26600.0
2025-08-23,86.25,48997.0
2025-08-24,86.25,35550.0
2025-08-25,82.6,49670.0
2025-08-26,82.0,35625.0
2025-08-27,76.25,27179.0
2025-08-28,80.0,36151.0
2025-08-29,77.0,39600.0
2025-08-30,77.5,37809.0
2025-08-31,77.5,20511.0
2025-09-01,71.0,29330.0
2025-09-02,73.0,37550.0
2025-09-03,70.15,22700.0
2025-09-04,70.25,28400.0
2025-09-05,73.5,20625.0
2025-09-06,72.5,36925.0
2025-09-07,70.175,37775.0
2025-09-08,69.375,33825.0
2025-09-09,70.0,32900.0
2025-09-11,70.0,0.0
2025-09-12,69.5,0.0
2025-09-13,65.5,19151.0
2025-09-14,66.5,25825.0
2025-09-15,65.0,30150.0
2025-09-16,65.0,45175.0
2025-09-17,65.0,23850.0
2025-09-18,65.0,28350.0
2025-09-19,69.7,43175.0
2025-09-20,70.0,30440.0
2025-09-21,66.4,27145.0
2025-09-22,68.0,33175.0
2025-09-23,66.0,17850.0
2025-09-24,65.2,37479.0
2025-09-25,65.0,26788.0
2025-09-26,62.8,21625.0
2025-09-27,65.0,32922.0
2025-09-28,75.0,28800.0
2025-09-29,75.0,45115.0
2025-09-30,75.0,31058.0
2025-10-01,75.0,18889.0
2025-10-02,75.0,10655.0
2025-10-03,75.0,3098.0
2025-10-04,75.0,26635.0
2025-10-05,75.0,23625.0
2025-10-06,75.0,33455.0
2025-10-07,75.0,24190.0
2025-10-08,73.0,32475.0
2025-10-09,75.0,41650.0
2025-10-10,75.0,20150.0
2025-10-11,75.0,26049.0
2025-10-12,75.0,30975.0
2025-10-13,73.6,33600.0
2025-10-14,73.75,32275.0
2025-10-15,67.4,39226.0
2025-10-16,64.4,49155.0
2025-10-17,62.8,32550.0
2025-10-18,62.8,36600.0
2025-10-19,52.25,29550.0
2025-10-20,52.5,25525.0
2025-10-21,54.575,33176.0
2025-10-22,55.475,23725.0
2025-10-23,54.875,10764.0
2025-10-24,55.375,2750.0
2025-10-25,60.375,24756.0
2025-10-26,60.375,28900.0
2025-10-27,61.165,43004.0
2025-10-28,59.165,30125.0
2025-10-29,60.0,47125.0
2025-10-30,67.2,44043.0
2025-10-31,70.0,8825.0
2025-11-01,72.3,22300.0
2025-11-02,70.0,46502.0
2025-11-03,75.0,92925.0
2025-11-05,75.0,29725.0
2025-11-06,85.0,40575.0
2025-11-07,95.0,51925.0
2025-11-08,95.0,50870.0
2025-11-09,95.0,76200.0
